{"cameraMode":{"drawMode":0,"name":"Shaded","section":"Shading Mode"},"sceneLighting":false,"audioPlay":false,"sceneViewState":{"showFog":true,"showMaterialUpdate":false,"showSkybox":false,"showFlares":true,"showImageEffects":true,"showParticleSystems":true},"in2DMode":false,"pivot":{"x":-0.005654171109199524,"y":-0.08367470651865006,"z":0.12303510308265686},"rotation":{"x":-0.09723246097564697,"y":-0.7669097781181336,"z":0.1196734681725502,"w":-0.622979998588562},"size":1.1959638595581055,"orthographic":false}