{"cameraMode":{"drawMode":0,"name":"Shaded","section":"Shading Mode"},"sceneLighting":false,"audioPlay":false,"sceneViewState":{"showFog":true,"showMaterialUpdate":false,"showSkybox":false,"showFlares":true,"showImageEffects":true,"showParticleSystems":true},"in2DMode":false,"pivot":{"x":0.6204158067703247,"y":1.4175684452056885,"z":-0.6775302290916443},"rotation":{"x":-0.01989813707768917,"y":-0.9782783389091492,"z":0.11231350898742676,"w":-0.17318156361579896},"size":2.048201322555542,"orthographic":false}