{"cameraMode":{"drawMode":0,"name":"Shaded","section":"Shading Mode"},"sceneLighting":false,"audioPlay":false,"sceneViewState":{"showFog":true,"showMaterialUpdate":false,"showSkybox":false,"showFlares":true,"showImageEffects":true,"showParticleSystems":true},"in2DMode":false,"pivot":{"x":-0.533329427242279,"y":1.5839487314224244,"z":0.07108563184738159},"rotation":{"x":0.03820958361029625,"y":-0.933133602142334,"z":0.10430307686328888,"w":0.341983437538147},"size":2.3930788040161135,"orthographic":false}