{"cameraMode":{"drawMode":0,"name":"Shaded","section":"Shading Mode"},"sceneLighting":false,"audioPlay":false,"sceneViewState":{"showFog":true,"showMaterialUpdate":false,"showSkybox":false,"showFlares":true,"showImageEffects":true,"showParticleSystems":true},"in2DMode":false,"pivot":{"x":-0.000004291534423828125,"y":0.8671604990959168,"z":-0.06515049934387207},"rotation":{"x":-0.09723246097564697,"y":-0.7669097781181336,"z":0.1196734681725502,"w":-0.622979998588562},"size":4.7930803298950199,"orthographic":false}