{"cameraMode":{"drawMode":0,"name":"Shaded","section":"Shading Mode"},"sceneLighting":false,"audioPlay":false,"sceneViewState":{"showFog":true,"showMaterialUpdate":false,"showSkybox":false,"showFlares":true,"showImageEffects":true,"showParticleSystems":true},"in2DMode":false,"pivot":{"x":6.6206183433532719,"y":0.5716625452041626,"z":-20.509994506835939},"rotation":{"x":-0.10149797052145004,"y":0.5744325518608093,"z":-0.07207828015089035,"w":-0.809045672416687},"size":1.930290937423706,"orthographic":false}