{"cameraMode":{"drawMode":0,"name":"Shaded","section":"Shading Mode"},"sceneLighting":false,"audioPlay":false,"sceneViewState":{"showFog":true,"showMaterialUpdate":false,"showSkybox":true,"showFlares":true,"showImageEffects":true,"showParticleSystems":true},"in2DMode":false,"pivot":{"x":-1.4975173473358155,"y":0.17127299308776856,"z":-1.0998919010162354},"rotation":{"x":-0.10767952352762222,"y":-0.8794801831245422,"z":0.23802423477172852,"w":-0.39787381887435915},"size":2.7557899951934816,"orthographic":false}