{"cameraMode":{"drawMode":0,"name":"Shaded","section":"Shading Mode"},"sceneLighting":false,"audioPlay":false,"sceneViewState":{"showFog":true,"showMaterialUpdate":false,"showSkybox":true,"showFlares":true,"showImageEffects":true,"showParticleSystems":true},"in2DMode":false,"pivot":{"x":0.3162909746170044,"y":1.6773288249969483,"z":-0.14671936631202699},"rotation":{"x":-0.11837118119001389,"y":-0.8376891613006592,"z":-0.20072750747203828,"w":0.49395763874053957},"size":1.0182722806930543,"orthographic":false}